id,user_id,created_at,updated_at,settings
9,10,2025-08-11 19:48:21.681631,2025-08-11 19:48:21.681631,{}
10,11,2025-08-12 07:26:30.579044,2025-08-12 07:26:30.579044,{}
11,12,2025-08-13 18:00:21.080993,2025-08-13 18:00:21.080993,{}
12,14,2025-08-14 01:58:28.185772,2025-08-14 01:58:28.185772,{}
15,16,2025-08-26 17:59:12.560673,2025-08-26 17:59:12.560673,{}
18,19,2025-09-01 17:24:32.385873,2025-09-01 17:24:32.385873,{}
19,21,2025-09-04 09:44:53.42219,2025-09-04 09:44:53.42219,{}
21,22,2025-09-06 23:50:26.761208,2025-09-06 23:50:26.761208,{}
23,23,2025-09-09 15:07:46.211017,2025-09-09 15:07:46.211017,{}
25,25,2025-09-10 12:48:18.536859,2025-09-10 12:48:18.536859,{}
35,36,2025-09-16 02:01:43.456577,2025-09-16 02:01:43.456577,{}
36,35,2025-09-16 02:01:43.459926,2025-09-16 02:01:43.459926,{}
22,1,2025-09-07 01:28:01.774847,2026-01-17 17:34:32.111,"{""themePreference"": ""light""}"
44,44,2025-09-30 18:48:07.41541,2025-09-30 18:48:07.41541,{}
47,47,2025-11-18 22:51:00.992717,2025-11-18 22:51:00.992717,{}
48,48,2025-11-19 23:32:41.633872,2025-11-19 23:32:41.633872,{}
49,49,2025-11-25 11:17:30.20894,2025-11-25 11:17:30.20894,{}
50,50,2025-11-26 00:11:23.573656,2025-11-26 00:11:23.573656,{}
51,51,2025-11-29 13:49:39.930175,2025-11-29 13:49:39.930175,{}
52,52,2025-12-05 18:59:28.986676,2025-12-05 18:59:28.986676,{}
53,53,2025-12-06 19:45:16.333086,2025-12-06 19:45:16.333086,{}
55,55,2025-12-12 00:26:33.549259,2025-12-12 00:26:33.549259,{}
58,58,2025-12-14 10:52:17.728362,2025-12-14 10:52:17.728362,{}
59,59,2025-12-14 10:56:57.692725,2025-12-14 10:56:57.692725,{}
72,72,2025-12-16 20:35:59.504539,2025-12-16 20:35:59.705,"{""accessCode"": ""quack""}"
73,73,2025-12-16 20:45:28.660234,2025-12-16 20:45:28.836,"{""accessCode"": ""quack""}"
74,74,2025-12-16 21:04:07.832907,2025-12-16 21:04:07.832907,{}
75,75,2025-12-17 16:30:14.940548,2025-12-17 16:30:15.202,"{""accessCode"": ""quack""}"
76,76,2025-12-17 16:32:38.98881,2025-12-17 16:32:39.179,"{""accessCode"": ""quack""}"
85,85,2025-12-18 19:12:53.543838,2025-12-18 19:12:53.878,"{""accessCode"": ""quack""}"
4,5,2025-07-31 19:25:23.384337,2025-12-18 21:20:53.908,"{""accessCode"": ""quack"", ""themePreference"": ""light""}"
